nodes,p,agents,rounds
10,0.01,8,5
10,0.01,8,5
10,0.01,8,5
10,0.01,8,5
10,0.01,8,5
11,0.01,8,5
11,0.01,8,5
11,0.01,8,5
11,0.01,8,5
11,0.01,8,5
12,0.01,9,5
12,0.01,9,5
12,0.01,9,5
12,0.01,9,5
12,0.01,9,5
13,0.01,10,5
13,0.01,10,5
13,0.01,10,5
13,0.01,10,5
13,0.01,10,5
14,0.01,11,5
14,0.01,11,11
14,0.01,11,11
14,0.01,11,11
14,0.01,11,5
15,0.01,12,5
15,0.01,12,5
15,0.01,12,11
15,0.01,12,5
15,0.01,12,5
16,0.01,12,5
16,0.01,12,5
16,0.01,12,5
16,0.01,12,11
16,0.01,12,5
17,0.01,13,5
17,0.01,13,5
17,0.01,13,5
17,0.01,13,5
17,0.01,13,5
18,0.01,14,5
18,0.01,14,5
18,0.01,14,5
18,0.01,14,5
18,0.01,14,5
19,0.01,15,5
19,0.01,15,5
19,0.01,15,5
19,0.01,15,5
19,0.01,15,5
20,0.01,16,5
20,0.01,16,5
20,0.01,16,5
20,0.01,16,5
20,0.01,16,5
21,0.01,16,5
21,0.01,16,5
21,0.01,16,11
21,0.01,16,5
21,0.01,16,5
22,0.01,17,5
22,0.01,17,5
22,0.01,17,5
22,0.01,17,5
22,0.01,17,5
23,0.01,18,29
23,0.01,18,5
23,0.01,18,5
23,0.01,18,5
23,0.01,18,5
24,0.01,19,5
24,0.01,19,5
24,0.01,19,5
24,0.01,19,5
24,0.01,19,5
25,0.01,20,5
25,0.01,20,5
25,0.01,20,5
25,0.01,20,11
25,0.01,20,5
26,0.01,20,11
26,0.01,20,5
26,0.01,20,5
26,0.01,20,5
26,0.01,20,5
27,0.01,21,5
27,0.01,21,5
27,0.01,21,11
27,0.01,21,5
27,0.01,21,5
28,0.01,22,11
28,0.01,22,5
28,0.01,22,5
28,0.01,22,5
28,0.01,22,5
29,0.01,23,5
29,0.01,23,11
29,0.01,23,11
29,0.01,23,5
29,0.01,23,5
30,0.01,24,5
30,0.01,24,17
30,0.01,24,5
30,0.01,24,5
30,0.01,24,5
31,0.01,24,11
31,0.01,24,17
31,0.01,24,5
31,0.01,24,5
31,0.01,24,5
32,0.01,25,5
32,0.01,25,11
32,0.01,25,5
32,0.01,25,5
32,0.01,25,5
33,0.01,26,5
33,0.01,26,23
33,0.01,26,5
33,0.01,26,11
33,0.01,26,11
34,0.01,27,11
34,0.01,27,11
34,0.01,27,17
34,0.01,27,23
34,0.01,27,5
35,0.01,28,11
35,0.01,28,5
35,0.01,28,5
35,0.01,28,11
35,0.01,28,5
36,0.01,28,11
36,0.01,28,5
36,0.01,28,5
36,0.01,28,5
36,0.01,28,5
37,0.01,29,17
37,0.01,29,5
37,0.01,29,5
37,0.01,29,5
37,0.01,29,5
38,0.01,30,11
38,0.01,30,5
38,0.01,30,5
38,0.01,30,5
38,0.01,30,5
39,0.01,31,5
39,0.01,31,11
39,0.01,31,5
39,0.01,31,5
39,0.01,31,5
40,0.01,32,5
40,0.01,32,5
40,0.01,32,11
40,0.01,32,17
40,0.01,32,5
41,0.01,32,11
41,0.01,32,35
41,0.01,32,5
41,0.01,32,5
41,0.01,32,5
42,0.01,33,23
42,0.01,33,11
42,0.01,33,23
42,0.01,33,17
42,0.01,33,5
43,0.01,34,5
43,0.01,34,5
43,0.01,34,5
43,0.01,34,5
43,0.01,34,5
44,0.01,35,17
44,0.01,35,47
44,0.01,35,5
44,0.01,35,5
44,0.01,35,5
45,0.01,36,11
45,0.01,36,41
45,0.01,36,17
45,0.01,36,11
45,0.01,36,5
46,0.01,36,17
46,0.01,36,5
46,0.01,36,5
46,0.01,36,23
46,0.01,36,5
47,0.01,37,5
47,0.01,37,11
47,0.01,37,5
47,0.01,37,5
47,0.01,37,5
48,0.01,38,5
48,0.01,38,5
48,0.01,38,17
48,0.01,38,5
48,0.01,38,11
49,0.01,39,11
49,0.01,39,29
49,0.01,39,5
49,0.01,39,5
49,0.01,39,11
50,0.01,40,5
50,0.01,40,5
50,0.01,40,5
50,0.01,40,17
50,0.01,40,5
51,0.01,40,5
51,0.01,40,5
51,0.01,40,5
51,0.01,40,11
51,0.01,40,23
52,0.01,41,5
52,0.01,41,17
52,0.01,41,11
52,0.01,41,5
52,0.01,41,11
53,0.01,42,17
53,0.01,42,5
53,0.01,42,5
53,0.01,42,5
53,0.01,42,5
54,0.01,43,5
54,0.01,43,5
54,0.01,43,5
54,0.01,43,5
54,0.01,43,5
55,0.01,44,17
55,0.01,44,11
55,0.01,44,5
55,0.01,44,5
55,0.01,44,5
56,0.01,44,5
56,0.01,44,5
56,0.01,44,5
56,0.01,44,5
56,0.01,44,17
57,0.01,45,5
57,0.01,45,11
57,0.01,45,5
57,0.01,45,5
57,0.01,45,5
58,0.01,46,11
58,0.01,46,5
58,0.01,46,5
58,0.01,46,17
58,0.01,46,29
59,0.01,47,17
59,0.01,47,5
59,0.01,47,5
59,0.01,47,5
59,0.01,47,5
60,0.01,48,5
60,0.01,48,35
60,0.01,48,5
60,0.01,48,11
60,0.01,48,5
61,0.01,48,5
61,0.01,48,11
61,0.01,48,5
61,0.01,48,5
61,0.01,48,5
62,0.01,49,35
62,0.01,49,5
62,0.01,49,41
62,0.01,49,11
62,0.01,49,11
63,0.01,50,5
63,0.01,50,41
63,0.01,50,5
63,0.01,50,5
63,0.01,50,5
64,0.01,51,5
64,0.01,51,11
64,0.01,51,5
64,0.01,51,5
64,0.01,51,35
65,0.01,52,53
65,0.01,52,23
65,0.01,52,5
65,0.01,52,5
65,0.01,52,29
66,0.01,52,5
66,0.01,52,5
66,0.01,52,5
66,0.01,52,5
66,0.01,52,5
67,0.01,53,5
67,0.01,53,41
67,0.01,53,17
67,0.01,53,5
67,0.01,53,5
68,0.01,54,23
68,0.01,54,23
68,0.01,54,5
68,0.01,54,5
68,0.01,54,5
69,0.01,55,23
69,0.01,55,5
69,0.01,55,11
69,0.01,55,5
69,0.01,55,41
70,0.01,56,29
70,0.01,56,47
70,0.01,56,5
70,0.01,56,5
70,0.01,56,11
71,0.01,56,41
71,0.01,56,11
71,0.01,56,23
71,0.01,56,5
71,0.01,56,5
72,0.01,57,5
72,0.01,57,5
72,0.01,57,5
72,0.01,57,5
72,0.01,57,17
73,0.01,58,5
73,0.01,58,5
73,0.01,58,5
73,0.01,58,17
73,0.01,58,5
74,0.01,59,5
74,0.01,59,131
74,0.01,59,59
74,0.01,59,11
74,0.01,59,71
75,0.01,60,5
75,0.01,60,5
75,0.01,60,5
75,0.01,60,5
75,0.01,60,5
76,0.01,60,5
76,0.01,60,35
76,0.01,60,5
76,0.01,60,11
76,0.01,60,47
77,0.01,61,5
77,0.01,61,11
77,0.01,61,5
77,0.01,61,17
77,0.01,61,11
78,0.01,62,11
78,0.01,62,11
78,0.01,62,5
78,0.01,62,5
78,0.01,62,77
79,0.01,63,77
79,0.01,63,5
79,0.01,63,11
79,0.01,63,5
79,0.01,63,5
80,0.01,64,17
80,0.01,64,17
80,0.01,64,17
80,0.01,64,11
80,0.01,64,11
81,0.01,64,149
81,0.01,64,11
81,0.01,64,167
81,0.01,64,5
81,0.01,64,47
82,0.01,65,35
82,0.01,65,35
82,0.01,65,35
82,0.01,65,5
82,0.01,65,23
83,0.01,66,23
83,0.01,66,5
83,0.01,66,5
83,0.01,66,17
83,0.01,66,5
84,0.01,67,65
84,0.01,67,5
84,0.01,67,5
84,0.01,67,5
84,0.01,67,47
85,0.01,68,5
85,0.01,68,11
85,0.01,68,5
85,0.01,68,23
85,0.01,68,47
86,0.01,68,5
86,0.01,68,11
86,0.01,68,5
86,0.01,68,125
86,0.01,68,137
87,0.01,69,5
87,0.01,69,125
87,0.01,69,5
87,0.01,69,5
87,0.01,69,5
88,0.01,70,17
88,0.01,70,5
88,0.01,70,35
88,0.01,70,17
88,0.01,70,11
89,0.01,71,71
89,0.01,71,161
89,0.01,71,41
89,0.01,71,11
89,0.01,71,77
90,0.01,72,83
90,0.01,72,17
90,0.01,72,11
90,0.01,72,5
90,0.01,72,173
91,0.01,72,131
91,0.01,72,5
91,0.01,72,53
91,0.01,72,53
91,0.01,72,35
92,0.01,73,5
92,0.01,73,35
92,0.01,73,5
92,0.01,73,23
92,0.01,73,5
93,0.01,74,5
93,0.01,74,5
93,0.01,74,53
93,0.01,74,41
93,0.01,74,5
94,0.01,75,17
94,0.01,75,23
94,0.01,75,17
94,0.01,75,5
94,0.01,75,155
95,0.01,76,11
95,0.01,76,5
95,0.01,76,29
95,0.01,76,5
95,0.01,76,179
96,0.01,76,5
96,0.01,76,11
96,0.01,76,5
96,0.01,76,11
96,0.01,76,5
97,0.01,77,35
97,0.01,77,5
97,0.01,77,5
97,0.01,77,11
97,0.01,77,35
98,0.01,78,107
98,0.01,78,5
98,0.01,78,143
98,0.01,78,23
98,0.01,78,11
99,0.01,79,11
99,0.01,79,5
99,0.01,79,11
99,0.01,79,5
99,0.01,79,11
100,0.01,80,11
100,0.01,80,53
100,0.01,80,29
100,0.01,80,17
100,0.01,80,5
101,0.01,80,41
101,0.01,80,5
101,0.01,80,5
101,0.01,80,11
101,0.01,80,11
102,0.01,81,5
102,0.01,81,5
102,0.01,81,5
102,0.01,81,5
102,0.01,81,17
103,0.01,82,11
103,0.01,82,317
103,0.01,82,5
103,0.01,82,5
103,0.01,82,11
104,0.01,83,11
104,0.01,83,5
104,0.01,83,173
104,0.01,83,17
104,0.01,83,17
105,0.01,84,11
105,0.01,84,11
105,0.01,84,131
105,0.01,84,5
105,0.01,84,11
106,0.01,84,95
106,0.01,84,17
106,0.01,84,11
106,0.01,84,17
106,0.01,84,5
107,0.01,85,5
107,0.01,85,11
107,0.01,85,179
107,0.01,85,11
107,0.01,85,5
108,0.01,86,119
108,0.01,86,5
108,0.01,86,221
108,0.01,86,299
108,0.01,86,11
109,0.01,87,5
109,0.01,87,5
109,0.01,87,5
109,0.01,87,5
109,0.01,87,29
110,0.01,88,17
110,0.01,88,5
110,0.01,88,5
110,0.01,88,5
110,0.01,88,329
111,0.01,88,89
111,0.01,88,5
111,0.01,88,5
111,0.01,88,5
111,0.01,88,5
112,0.01,89,35
112,0.01,89,257
112,0.01,89,275
112,0.01,89,101
112,0.01,89,5
113,0.01,90,35
113,0.01,90,107
113,0.01,90,5
113,0.01,90,5
113,0.01,90,5
114,0.01,91,65
114,0.01,91,359
114,0.01,91,113
114,0.01,91,17
114,0.01,91,29
115,0.01,92,11
115,0.01,92,47
115,0.01,92,17
115,0.01,92,17
115,0.01,92,11
116,0.01,92,5
116,0.01,92,5
116,0.01,92,5
116,0.01,92,35
116,0.01,92,17
117,0.01,93,5
117,0.01,93,11
117,0.01,93,179
117,0.01,93,5
117,0.01,93,11
118,0.01,94,11
118,0.01,94,5
118,0.01,94,5
118,0.01,94,11
118,0.01,94,17
119,0.01,95,11
119,0.01,95,5
119,0.01,95,11
119,0.01,95,23
119,0.01,95,17
120,0.01,96,5
120,0.01,96,17
120,0.01,96,257
120,0.01,96,5
120,0.01,96,5
121,0.01,96,23
121,0.01,96,185
121,0.01,96,107
121,0.01,96,179
121,0.01,96,5
122,0.01,97,29
122,0.01,97,29
122,0.01,97,5
122,0.01,97,29
122,0.01,97,11
123,0.01,98,311
123,0.01,98,317
123,0.01,98,5
123,0.01,98,29
123,0.01,98,89
124,0.01,99,35
124,0.01,99,347
124,0.01,99,5
124,0.01,99,5
124,0.01,99,359
125,0.01,100,71
125,0.01,100,11
125,0.01,100,5
125,0.01,100,59
125,0.01,100,5
126,0.01,100,53
126,0.01,100,299
126,0.01,100,5
126,0.01,100,389
126,0.01,100,335
127,0.01,101,5
127,0.01,101,17
127,0.01,101,155
127,0.01,101,5
127,0.01,101,311
128,0.01,102,17
128,0.01,102,407
128,0.01,102,35
128,0.01,102,29
128,0.01,102,23
129,0.01,103,11
129,0.01,103,497
129,0.01,103,71
129,0.01,103,47
129,0.01,103,17
130,0.01,104,371
130,0.01,104,341
130,0.01,104,161
130,0.01,104,515
130,0.01,104,107
131,0.01,104,311
131,0.01,104,5
131,0.01,104,29
131,0.01,104,431
131,0.01,104,227
132,0.01,105,389
132,0.01,105,5
132,0.01,105,155
132,0.01,105,17
132,0.01,105,95
133,0.01,106,515
133,0.01,106,5
133,0.01,106,11
133,0.01,106,17
133,0.01,106,11
134,0.01,107,11
134,0.01,107,221
134,0.01,107,17
134,0.01,107,5
134,0.01,107,425
135,0.01,108,71
135,0.01,108,11
135,0.01,108,575
135,0.01,108,113
135,0.01,108,545
136,0.01,108,443
136,0.01,108,35
136,0.01,108,5
136,0.01,108,5
136,0.01,108,5
137,0.01,109,623
137,0.01,109,515
137,0.01,109,11
137,0.01,109,11
137,0.01,109,5
138,0.01,110,17
138,0.01,110,11
138,0.01,110,11
138,0.01,110,17
138,0.01,110,71
139,0.01,111,59
139,0.01,111,461
139,0.01,111,5
139,0.01,111,449
139,0.01,111,131
140,0.01,112,527
140,0.01,112,17
140,0.01,112,503
140,0.01,112,11
140,0.01,112,17
141,0.01,112,125
141,0.01,112,221
141,0.01,112,5
141,0.01,112,5
141,0.01,112,17
142,0.01,113,5
142,0.01,113,509
142,0.01,113,491
142,0.01,113,5
142,0.01,113,11
143,0.01,114,347
143,0.01,114,5
143,0.01,114,521
143,0.01,114,305
143,0.01,114,437
144,0.01,115,5
144,0.01,115,11
144,0.01,115,569
144,0.01,115,419
144,0.01,115,35
145,0.01,116,497
145,0.01,116,599
145,0.01,116,5
145,0.01,116,5
145,0.01,116,545
146,0.01,116,65
146,0.01,116,11
146,0.01,116,647
146,0.01,116,371
146,0.01,116,575
147,0.01,117,11
147,0.01,117,497
147,0.01,117,593
147,0.01,117,557
147,0.01,117,323
148,0.01,118,11
148,0.01,118,677
148,0.01,118,5
148,0.01,118,11
148,0.01,118,677
149,0.01,119,581
149,0.01,119,5
149,0.01,119,23
149,0.01,119,659
149,0.01,119,563
150,0.01,120,605
150,0.01,120,17
150,0.01,120,437
150,0.01,120,11
150,0.01,120,5
151,0.01,120,539
151,0.01,120,23
151,0.01,120,473
151,0.01,120,5
151,0.01,120,497
152,0.01,121,5
152,0.01,121,47
152,0.01,121,5
152,0.01,121,29
152,0.01,121,17
153,0.01,122,5
153,0.01,122,497
153,0.01,122,5
153,0.01,122,5
153,0.01,122,611
154,0.01,123,101
154,0.01,123,407
154,0.01,123,443
154,0.01,123,509
154,0.01,123,569
155,0.01,124,557
155,0.01,124,593
155,0.01,124,521
155,0.01,124,569
155,0.01,124,641
156,0.01,124,41
156,0.01,124,11
156,0.01,124,35
156,0.01,124,599
156,0.01,124,5
157,0.01,125,11
157,0.01,125,563
157,0.01,125,515
157,0.01,125,5
157,0.01,125,47
158,0.01,126,647
158,0.01,126,347
158,0.01,126,11
158,0.01,126,5
158,0.01,126,11
159,0.01,127,5
159,0.01,127,647
159,0.01,127,737
159,0.01,127,461
159,0.01,127,617
160,0.01,128,713
160,0.01,128,737
160,0.01,128,677
160,0.01,128,23
160,0.01,128,71
161,0.01,128,29
161,0.01,128,5
161,0.01,128,659
161,0.01,128,689
161,0.01,128,599
162,0.01,129,695
162,0.01,129,11
162,0.01,129,5
162,0.01,129,5
162,0.01,129,5
163,0.01,130,623
163,0.01,130,623
163,0.01,130,725
163,0.01,130,23
163,0.01,130,611
164,0.01,131,335
164,0.01,131,629
164,0.01,131,5
164,0.01,131,5
164,0.01,131,641
165,0.01,132,5
165,0.01,132,11
165,0.01,132,581
165,0.01,132,89
165,0.01,132,731
166,0.01,132,725
166,0.01,132,635
166,0.01,132,683
166,0.01,132,5
166,0.01,132,581
167,0.01,133,713
167,0.01,133,551
167,0.01,133,767
167,0.01,133,593
167,0.01,133,665
168,0.01,134,11
168,0.01,134,641
168,0.01,134,755
168,0.01,134,605
168,0.01,134,467
169,0.01,135,761
169,0.01,135,737
169,0.01,135,593
169,0.01,135,689
169,0.01,135,701
170,0.01,136,5
170,0.01,136,731
170,0.01,136,719
170,0.01,136,659
170,0.01,136,5
171,0.01,136,11
171,0.01,136,5
171,0.01,136,683
171,0.01,136,17
171,0.01,136,23
172,0.01,137,803
172,0.01,137,737
172,0.01,137,5
172,0.01,137,623
172,0.01,137,767
173,0.01,138,731
173,0.01,138,5
173,0.01,138,11
173,0.01,138,5
173,0.01,138,5
174,0.01,139,731
174,0.01,139,683
174,0.01,139,779
174,0.01,139,737
174,0.01,139,617
175,0.01,140,5
175,0.01,140,185
175,0.01,140,743
175,0.01,140,5
175,0.01,140,17
176,0.01,140,833
176,0.01,140,677
176,0.01,140,785
176,0.01,140,5
176,0.01,140,779
177,0.01,141,767
177,0.01,141,725
177,0.01,141,749
177,0.01,141,737
177,0.01,141,5
178,0.01,142,5
178,0.01,142,737
178,0.01,142,5
178,0.01,142,5
178,0.01,142,29
179,0.01,143,803
179,0.01,143,812
179,0.01,143,713
179,0.01,143,5
179,0.01,143,761
180,0.01,144,5
180,0.01,144,719
180,0.01,144,71
180,0.01,144,797
180,0.01,144,833
181,0.01,144,653
181,0.01,144,587
181,0.01,144,833
181,0.01,144,779
181,0.01,144,779
182,0.01,145,845
182,0.01,145,743
182,0.01,145,11
182,0.01,145,11
182,0.01,145,743
183,0.01,146,17
183,0.01,146,851
183,0.01,146,821
183,0.01,146,827
183,0.01,146,833
184,0.01,147,827
184,0.01,147,791
184,0.01,147,29
184,0.01,147,785
184,0.01,147,773
185,0.01,148,107
185,0.01,148,839
185,0.01,148,881
185,0.01,148,725
185,0.01,148,845
186,0.01,148,5
186,0.01,148,11
186,0.01,148,827
186,0.01,148,5
186,0.01,148,779
187,0.01,149,779
187,0.01,149,845
187,0.01,149,5
187,0.01,149,845
187,0.01,149,845
188,0.01,150,797
188,0.01,150,29
188,0.01,150,17
188,0.01,150,860
188,0.01,150,797
189,0.01,151,869
189,0.01,151,809
189,0.01,151,785
189,0.01,151,869
189,0.01,151,899
190,0.01,152,857
190,0.01,152,908
190,0.01,152,797
190,0.01,152,851
190,0.01,152,899
191,0.01,152,869
191,0.01,152,905
191,0.01,152,5
191,0.01,152,851
191,0.01,152,875
192,0.01,153,905
192,0.01,153,743
192,0.01,153,851
192,0.01,153,911
192,0.01,153,854
193,0.01,154,875
193,0.01,154,5
193,0.01,154,5
193,0.01,154,917
193,0.01,154,905
194,0.01,155,899
194,0.01,155,5
194,0.01,155,902
194,0.01,155,887
194,0.01,155,902
195,0.01,156,47
195,0.01,156,851
195,0.01,156,863
195,0.01,156,107
195,0.01,156,5
196,0.01,156,878
196,0.01,156,869
196,0.01,156,857
196,0.01,156,857
196,0.01,156,839
197,0.01,157,719
197,0.01,157,35
197,0.01,157,815
197,0.01,157,923
197,0.01,157,887
198,0.01,158,869
198,0.01,158,5
198,0.01,158,779
198,0.01,158,842
198,0.01,158,851
199,0.01,159,929
199,0.01,159,929
199,0.01,159,917
199,0.01,159,884
199,0.01,159,797
200,0.01,160,923
200,0.01,160,863
200,0.01,160,5
200,0.01,160,953
200,0.01,160,5
201,0.01,160,950
201,0.01,160,905
201,0.01,160,797
201,0.01,160,911
201,0.01,160,935
202,0.01,161,959
202,0.01,161,953
202,0.01,161,929
202,0.01,161,5
202,0.01,161,869
203,0.01,162,950
203,0.01,162,923
203,0.01,162,944
203,0.01,162,959
203,0.01,162,908
204,0.01,163,953
204,0.01,163,923
204,0.01,163,953
204,0.01,163,866
204,0.01,163,866
205,0.01,164,941
205,0.01,164,887
205,0.01,164,11
205,0.01,164,773
205,0.01,164,5
206,0.01,164,875
206,0.01,164,905
206,0.01,164,968
206,0.01,164,950
206,0.01,164,911
207,0.01,165,938
207,0.01,165,848
207,0.01,165,35
207,0.01,165,5
207,0.01,165,5
208,0.01,166,983
208,0.01,166,5
208,0.01,166,989
208,0.01,166,914
208,0.01,166,23
209,0.01,167,5
209,0.01,167,974
209,0.01,167,11
209,0.01,167,956
209,0.01,167,947
210,0.01,168,905
210,0.01,168,881
210,0.01,168,29
210,0.01,168,902
210,0.01,168,941
211,0.01,168,5
211,0.01,168,956
211,0.01,168,11
211,0.01,168,5
211,0.01,168,1001
212,0.01,169,1007
212,0.01,169,908
212,0.01,169,992
212,0.01,169,965
212,0.01,169,977
213,0.01,170,1007
213,0.01,170,5
213,0.01,170,875
213,0.01,170,1019
213,0.01,170,878
214,0.01,171,926
214,0.01,171,893
214,0.01,171,959
214,0.01,171,1019
214,0.01,171,968
215,0.01,172,869
215,0.01,172,974
215,0.01,172,11
215,0.01,172,989
215,0.01,172,947
216,0.01,172,989
216,0.01,172,992
216,0.01,172,953
216,0.01,172,938
216,0.01,172,992
217,0.01,173,935
217,0.01,173,983
217,0.01,173,1013
217,0.01,173,977
217,0.01,173,911
218,0.01,174,1031
218,0.01,174,11
218,0.01,174,848
218,0.01,174,1001
218,0.01,174,1037
219,0.01,175,995
219,0.01,175,935
219,0.01,175,968
219,0.01,175,893
219,0.01,175,1040
220,0.01,176,992
220,0.01,176,1049
220,0.01,176,983
220,0.01,176,929
220,0.01,176,17
221,0.01,176,977
221,0.01,176,950
221,0.01,176,935
221,0.01,176,1019
221,0.01,176,1037
222,0.01,177,977
222,0.01,177,1037
222,0.01,177,914
222,0.01,177,1007
222,0.01,177,989
223,0.01,178,1061
223,0.01,178,947
223,0.01,178,980
223,0.01,178,1037
223,0.01,178,980
224,0.01,179,1064
224,0.01,179,968
224,0.01,179,1019
224,0.01,179,944
224,0.01,179,923
225,0.01,180,5
225,0.01,180,1007
225,0.01,180,5
225,0.01,180,932
225,0.01,180,971
226,0.01,180,986
226,0.01,180,1055
226,0.01,180,869
226,0.01,180,941
226,0.01,180,1007
227,0.01,181,926
227,0.01,181,968
227,0.01,181,911
227,0.01,181,1013
227,0.01,181,947
228,0.01,182,947
228,0.01,182,1061
228,0.01,182,1013
228,0.01,182,938
228,0.01,182,947
229,0.01,183,992
229,0.01,183,1019
229,0.01,183,923
229,0.01,183,953
229,0.01,183,953
230,0.01,184,1004
230,0.01,184,983
230,0.01,184,959
230,0.01,184,956
230,0.01,184,989
231,0.01,184,974
231,0.01,184,989
231,0.01,184,929
231,0.01,184,914
231,0.01,184,5
232,0.01,185,938
232,0.01,185,1031
232,0.01,185,926
232,0.01,185,1043
232,0.01,185,992
233,0.01,186,1019
233,0.01,186,983
233,0.01,186,986
233,0.01,186,923
233,0.01,186,1043
234,0.01,187,1118
234,0.01,187,5
234,0.01,187,1010
234,0.01,187,932
234,0.01,187,920
235,0.01,188,941
235,0.01,188,1031
235,0.01,188,995
235,0.01,188,917
235,0.01,188,1049
236,0.01,188,1085
236,0.01,188,944
236,0.01,188,941
236,0.01,188,1031
236,0.01,188,893
237,0.01,189,878
237,0.01,189,917
237,0.01,189,917
237,0.01,189,974
237,0.01,189,1016
238,0.01,190,1037
238,0.01,190,5
238,0.01,190,986
238,0.01,190,884
238,0.01,190,5
239,0.01,191,1028
239,0.01,191,1013
239,0.01,191,947
239,0.01,191,953
239,0.01,191,935
240,0.01,192,923
240,0.01,192,11
240,0.01,192,989
240,0.01,192,5
240,0.01,192,962
241,0.01,192,986
241,0.01,192,959
241,0.01,192,1001
241,0.01,192,911
241,0.01,192,950
242,0.01,193,932
242,0.01,193,1007
242,0.01,193,965
242,0.01,193,5
242,0.01,193,1148
243,0.01,194,1112
243,0.01,194,1007
243,0.01,194,5
243,0.01,194,1007
243,0.01,194,1016
244,0.01,195,5
244,0.01,195,926
244,0.01,195,968
244,0.01,195,1079
244,0.01,195,1022
245,0.01,196,947
245,0.01,196,1025
245,0.01,196,1019
245,0.01,196,923
245,0.01,196,986
246,0.01,196,974
246,0.01,196,917
246,0.01,196,992
246,0.01,196,1028
246,0.01,196,1070
247,0.01,197,1016
247,0.01,197,23
247,0.01,197,986
247,0.01,197,1127
247,0.01,197,1058
248,0.01,198,920
248,0.01,198,5
248,0.01,198,965
248,0.01,198,989
248,0.01,198,1001
249,0.01,199,1016
249,0.01,199,1001
249,0.01,199,938
249,0.01,199,905
249,0.01,199,977
250,0.01,200,986
250,0.01,200,1097
250,0.01,200,926
250,0.01,200,1022
250,0.01,200,962
251,0.01,200,1001
251,0.01,200,1061
251,0.01,200,1061
251,0.01,200,1025
251,0.01,200,1052
252,0.01,201,1049
252,0.01,201,5
252,0.01,201,1019
252,0.01,201,1043
252,0.01,201,1022
253,0.01,202,5
253,0.01,202,989
253,0.01,202,1079
253,0.01,202,1019
253,0.01,202,1010
254,0.01,203,5
254,0.01,203,908
254,0.01,203,1022
254,0.01,203,1022
254,0.01,203,935
255,0.01,204,1010
255,0.01,204,1100
255,0.01,204,959
255,0.01,204,1055
255,0.01,204,1022
256,0.01,204,959
256,0.01,204,974
256,0.01,204,1055
256,0.01,204,944
256,0.01,204,1049
257,0.01,205,992
257,0.01,205,1088
257,0.01,205,1019
257,0.01,205,995
257,0.01,205,1031
258,0.01,206,980
258,0.01,206,959
258,0.01,206,11
258,0.01,206,1112
258,0.01,206,1031
259,0.01,207,1052
259,0.01,207,1115
259,0.01,207,1040
259,0.01,207,1115
259,0.01,207,995
260,0.01,208,1106
260,0.01,208,950
260,0.01,208,1079
260,0.01,208,1043
260,0.01,208,1097
261,0.01,208,5
261,0.01,208,1061
261,0.01,208,950
261,0.01,208,1133
261,0.01,208,5
262,0.01,209,959
262,0.01,209,965
262,0.01,209,1037
262,0.01,209,992
262,0.01,209,1082
263,0.01,210,1148
263,0.01,210,1106
263,0.01,210,1025
263,0.01,210,1037
263,0.01,210,980
264,0.01,211,959
264,0.01,211,5
264,0.01,211,1052
264,0.01,211,5
264,0.01,211,1082
265,0.01,212,998
265,0.01,212,1106
265,0.01,212,1004
265,0.01,212,1013
265,0.01,212,1088
266,0.01,212,1199
266,0.01,212,1094
266,0.01,212,974
266,0.01,212,1136
266,0.01,212,974
267,0.01,213,1079
267,0.01,213,998
267,0.01,213,998
267,0.01,213,980
267,0.01,213,992
268,0.01,214,1034
268,0.01,214,1070
268,0.01,214,968
268,0.01,214,986
268,0.01,214,1016
269,0.01,215,1004
269,0.01,215,1034
269,0.01,215,1046
269,0.01,215,1004
269,0.01,215,1070
270,0.01,216,5
270,0.01,216,974
270,0.01,216,1025
270,0.01,216,1076
270,0.01,216,1010
271,0.01,216,983
271,0.01,216,1013
271,0.01,216,5
271,0.01,216,1052
271,0.01,216,968
272,0.01,217,1046
272,0.01,217,980
272,0.01,217,992
272,0.01,217,1043
272,0.01,217,1058
273,0.01,218,1040
273,0.01,218,1070
273,0.01,218,1007
273,0.01,218,1124
273,0.01,218,1031
274,0.01,219,1130
274,0.01,219,1052
274,0.01,219,1079
274,0.01,219,1088
274,0.01,219,977
275,0.01,220,1112
275,0.01,220,1034
275,0.01,220,983
275,0.01,220,1022
275,0.01,220,1103
276,0.01,220,1007
276,0.01,220,1010
276,0.01,220,962
276,0.01,220,1049
276,0.01,220,1112
277,0.01,221,1079
277,0.01,221,5
277,0.01,221,1076
277,0.01,221,977
277,0.01,221,1013
278,0.01,222,1043
278,0.01,222,977
278,0.01,222,1007
278,0.01,222,1106
278,0.01,222,1064
279,0.01,223,1079
279,0.01,223,1226
279,0.01,223,1043
279,0.01,223,1064
279,0.01,223,1040
280,0.01,224,1106
280,0.01,224,1073
280,0.01,224,1016
280,0.01,224,1073
280,0.01,224,1172
281,0.01,224,1079
281,0.01,224,995
281,0.01,224,1055
281,0.01,224,1070
281,0.01,224,1091
282,0.01,225,1196
282,0.01,225,1061
282,0.01,225,1058
282,0.01,225,1064
282,0.01,225,1058
283,0.01,226,1016
283,0.01,226,1070
283,0.01,226,1058
283,0.01,226,1049
283,0.01,226,1010
284,0.01,227,1046
284,0.01,227,1016
284,0.01,227,1097
284,0.01,227,1013
284,0.01,227,1070
285,0.01,228,1016
285,0.01,228,1088
285,0.01,228,1025
285,0.01,228,1205
285,0.01,228,1097
286,0.01,228,1109
286,0.01,228,1034
286,0.01,228,1004
286,0.01,228,1100
286,0.01,228,1019
287,0.01,229,1094
287,0.01,229,1046
287,0.01,229,1076
287,0.01,229,1061
287,0.01,229,1106
288,0.01,230,1106
288,0.01,230,1058
288,0.01,230,1103
288,0.01,230,1079
288,0.01,230,1034
289,0.01,231,1049
289,0.01,231,1115
289,0.01,231,1004
289,0.01,231,11
289,0.01,231,1145
290,0.01,232,1040
290,0.01,232,1100
290,0.01,232,1082
290,0.01,232,1106
290,0.01,232,1052
291,0.01,232,1028
291,0.01,232,1055
291,0.01,232,1031
291,0.01,232,1013
291,0.01,232,1082
292,0.01,233,1061
292,0.01,233,1148
292,0.01,233,1064
292,0.01,233,1085
292,0.01,233,1064
293,0.01,234,1085
293,0.01,234,1064
293,0.01,234,1076
293,0.01,234,1088
293,0.01,234,1043
294,0.01,235,1100
294,0.01,235,1139
294,0.01,235,1043
294,0.01,235,1121
294,0.01,235,1076
295,0.01,236,5
295,0.01,236,1067
295,0.01,236,1139
295,0.01,236,1082
295,0.01,236,1103
296,0.01,236,1040
296,0.01,236,1058
296,0.01,236,1088
296,0.01,236,11
296,0.01,236,1103
297,0.01,237,1076
297,0.01,237,1118
297,0.01,237,1025
297,0.01,237,1130
297,0.01,237,1073
298,0.01,238,1085
298,0.01,238,1019
298,0.01,238,1019
298,0.01,238,1022
298,0.01,238,5
299,0.01,239,1112
299,0.01,239,1061
299,0.01,239,1136
299,0.01,239,1070
299,0.01,239,1028
300,0.01,240,1070
300,0.01,240,1067
300,0.01,240,1052
300,0.01,240,1082
300,0.01,240,1094
301,0.01,240,1130
301,0.01,240,1061
301,0.01,240,1070
301,0.01,240,1085
301,0.01,240,1112
302,0.01,241,1106
302,0.01,241,1121
302,0.01,241,5
302,0.01,241,1058
302,0.01,241,1202
303,0.01,242,1067
303,0.01,242,1142
303,0.01,242,1133
303,0.01,242,1097
303,0.01,242,1151
304,0.01,243,5
304,0.01,243,1076
304,0.01,243,1073
304,0.01,243,1070
304,0.01,243,1082
305,0.01,244,1046
305,0.01,244,1211
305,0.01,244,1067
305,0.01,244,1103
305,0.01,244,1154
306,0.01,244,1058
306,0.01,244,1061
306,0.01,244,1100
306,0.01,244,1055
306,0.01,244,1082
307,0.01,245,1112
307,0.01,245,1103
307,0.01,245,1085
307,0.01,245,1097
307,0.01,245,1058
308,0.01,246,1109
308,0.01,246,1082
308,0.01,246,1106
308,0.01,246,5
308,0.01,246,1145
309,0.01,247,1094
309,0.01,247,1115
309,0.01,247,1130
309,0.01,247,1136
309,0.01,247,1073
310,0.01,248,1121
310,0.01,248,1130
310,0.01,248,1085
310,0.01,248,1178
310,0.01,248,1190
311,0.01,248,1112
311,0.01,248,1097
311,0.01,248,1109
311,0.01,248,1106
311,0.01,248,1106
312,0.01,249,1157
312,0.01,249,1127
312,0.01,249,1106
312,0.01,249,1109
312,0.01,249,1136
313,0.01,250,1079
313,0.01,250,1112
313,0.01,250,5
313,0.01,250,1127
313,0.01,250,1079
314,0.01,251,1121
314,0.01,251,1115
314,0.01,251,1091
314,0.01,251,1160
314,0.01,251,1073
315,0.01,252,1106
315,0.01,252,1190
315,0.01,252,1088
315,0.01,252,1148
315,0.01,252,1103
316,0.01,252,1139
316,0.01,252,1130
316,0.01,252,1160
316,0.01,252,1085
316,0.01,252,1106
317,0.01,253,1127
317,0.01,253,1127
317,0.01,253,1139
317,0.01,253,1124
317,0.01,253,1094
318,0.01,254,1157
318,0.01,254,1133
318,0.01,254,1118
318,0.01,254,1121
318,0.01,254,1127
319,0.01,255,1130
319,0.01,255,1127
319,0.01,255,1154
319,0.01,255,1193
319,0.01,255,1139
320,0.01,256,1142
320,0.01,256,1130
320,0.01,256,1166
320,0.01,256,1124
320,0.01,256,1097
321,0.01,256,1154
321,0.01,256,1196
321,0.01,256,1148
321,0.01,256,1151
321,0.01,256,1082
322,0.01,257,1112
322,0.01,257,1130
322,0.01,257,1157
322,0.01,257,1133
322,0.01,257,1172
323,0.01,258,1142
323,0.01,258,1154
323,0.01,258,1121
323,0.01,258,1106
323,0.01,258,1172
324,0.01,259,1127
324,0.01,259,1154
324,0.01,259,1145
324,0.01,259,1145
324,0.01,259,1166
325,0.01,260,1160
325,0.01,260,1130
325,0.01,260,1112
325,0.01,260,1103
325,0.01,260,1163
326,0.01,260,1166
326,0.01,260,1196
326,0.01,260,1172
326,0.01,260,1205
326,0.01,260,1196
327,0.01,261,1157
327,0.01,261,1142
327,0.01,261,1130
327,0.01,261,1142
327,0.01,261,1151
328,0.01,262,1154
328,0.01,262,1166
328,0.01,262,1166
328,0.01,262,1133
328,0.01,262,1148
329,0.01,263,1211
329,0.01,263,1130
329,0.01,263,1154
329,0.01,263,1133
329,0.01,263,1172
330,0.01,264,1109
330,0.01,264,1175
330,0.01,264,1175
330,0.01,264,1181
330,0.01,264,1148
331,0.01,264,1160
331,0.01,264,1133
331,0.01,264,1169
331,0.01,264,1166
331,0.01,264,1145
332,0.01,265,1244
332,0.01,265,1151
332,0.01,265,1115
332,0.01,265,1178
332,0.01,265,1136
333,0.01,266,1151
333,0.01,266,5
333,0.01,266,1130
333,0.01,266,1184
333,0.01,266,1154
334,0.01,267,1139
334,0.01,267,5
334,0.01,267,11
334,0.01,267,1211
334,0.01,267,1184
335,0.01,268,1169
335,0.01,268,1202
335,0.01,268,1172
335,0.01,268,1148
335,0.01,268,1187
336,0.01,268,1169
336,0.01,268,1199
336,0.01,268,1178
336,0.01,268,1142
336,0.01,268,1145
337,0.01,269,1178
337,0.01,269,1166
337,0.01,269,1136
337,0.01,269,1172
337,0.01,269,1187
338,0.01,270,5
338,0.01,270,1154
338,0.01,270,1190
338,0.01,270,1175
338,0.01,270,1169
339,0.01,271,1211
339,0.01,271,1193
339,0.01,271,1199
339,0.01,271,1175
339,0.01,271,1166
340,0.01,272,1172
340,0.01,272,1175
340,0.01,272,1271
340,0.01,272,1154
340,0.01,272,1235
341,0.01,272,1199
341,0.01,272,1190
341,0.01,272,1199
341,0.01,272,1160
341,0.01,272,1214
342,0.01,273,1232
342,0.01,273,1205
342,0.01,273,1184
342,0.01,273,1226
342,0.01,273,1208
343,0.01,274,1211
343,0.01,274,1211
343,0.01,274,1199
343,0.01,274,1196
343,0.01,274,1166
344,0.01,275,1190
344,0.01,275,1214
344,0.01,275,1169
344,0.01,275,1193
344,0.01,275,1190
345,0.01,276,1220
345,0.01,276,1193
345,0.01,276,1184
345,0.01,276,1199
345,0.01,276,1235
346,0.01,276,1199
346,0.01,276,1229
346,0.01,276,1181
346,0.01,276,1280
346,0.01,276,1214
347,0.01,277,1220
347,0.01,277,1223
347,0.01,277,1265
347,0.01,277,1244
347,0.01,277,1211
348,0.01,278,1214
348,0.01,278,1259
348,0.01,278,1259
348,0.01,278,1223
348,0.01,278,1241
349,0.01,279,1178
349,0.01,279,1196
349,0.01,279,1211
349,0.01,279,1247
349,0.01,279,1214
350,0.01,280,1283
350,0.01,280,1211
350,0.01,280,1190
350,0.01,280,1265
350,0.01,280,1217
351,0.01,280,1184
351,0.01,280,1199
351,0.01,280,1235
351,0.01,280,1223
351,0.01,280,1292
352,0.01,281,1214
352,0.01,281,1208
352,0.01,281,1301
352,0.01,281,1205
352,0.01,281,1232
353,0.01,282,1250
353,0.01,282,1277
353,0.01,282,1265
353,0.01,282,1229
353,0.01,282,1217
354,0.01,283,1220
354,0.01,283,1217
354,0.01,283,1214
354,0.01,283,1232
354,0.01,283,1259
355,0.01,284,1247
355,0.01,284,1295
355,0.01,284,1253
355,0.01,284,1232
355,0.01,284,1268
356,0.01,284,1232
356,0.01,284,1187
356,0.01,284,1268
356,0.01,284,1250
356,0.01,284,1250
357,0.01,285,1226
357,0.01,285,1223
357,0.01,285,1295
357,0.01,285,1232
357,0.01,285,1247
358,0.01,286,1274
358,0.01,286,1229
358,0.01,286,1238
358,0.01,286,1220
358,0.01,286,1229
359,0.01,287,1229
359,0.01,287,1286
359,0.01,287,1265
359,0.01,287,1217
359,0.01,287,1223
360,0.01,288,1316
360,0.01,288,1205
360,0.01,288,1274
360,0.01,288,1289
360,0.01,288,1223
361,0.01,288,1310
361,0.01,288,1289
361,0.01,288,1229
361,0.01,288,1298
361,0.01,288,1262
362,0.01,289,1235
362,0.01,289,1265
362,0.01,289,1244
362,0.01,289,1262
362,0.01,289,1277
363,0.01,290,1310
363,0.01,290,1277
363,0.01,290,1262
363,0.01,290,1262
363,0.01,290,1286
364,0.01,291,1313
364,0.01,291,1307
364,0.01,291,1268
364,0.01,291,1268
364,0.01,291,1322
365,0.01,292,1259
365,0.01,292,1235
365,0.01,292,1274
365,0.01,292,1301
365,0.01,292,1319
366,0.01,292,1271
366,0.01,292,1298
366,0.01,292,1247
366,0.01,292,1307
366,0.01,292,1271
367,0.01,293,1325
367,0.01,293,1277
367,0.01,293,1286
367,0.01,293,1298
367,0.01,293,1268
368,0.01,294,1283
368,0.01,294,1235
368,0.01,294,1349
368,0.01,294,1253
368,0.01,294,1322
369,0.01,295,1343
369,0.01,295,1277
369,0.01,295,1301
369,0.01,295,1265
369,0.01,295,1310
370,0.01,296,1253
370,0.01,296,1301
370,0.01,296,1313
370,0.01,296,1283
370,0.01,296,1253
371,0.01,296,1304
371,0.01,296,1337
371,0.01,296,1301
371,0.01,296,1307
371,0.01,296,1277
372,0.01,297,1334
372,0.01,297,1292
372,0.01,297,1292
372,0.01,297,1280
372,0.01,297,1277
373,0.01,298,1313
373,0.01,298,1376
373,0.01,298,1331
373,0.01,298,1301
373,0.01,298,1283
374,0.01,299,1346
374,0.01,299,1298
374,0.01,299,1352
374,0.01,299,1355
374,0.01,299,5
375,0.01,300,1334
375,0.01,300,1280
375,0.01,300,1313
375,0.01,300,1310
375,0.01,300,1334
376,0.01,300,1325
376,0.01,300,1298
376,0.01,300,1301
376,0.01,300,1331
376,0.01,300,1358
377,0.01,301,1370
377,0.01,301,1286
377,0.01,301,1268
377,0.01,301,1325
377,0.01,301,1379
378,0.01,302,1328
378,0.01,302,1286
378,0.01,302,1313
378,0.01,302,1352
378,0.01,302,1286
379,0.01,303,1328
379,0.01,303,1310
379,0.01,303,1367
379,0.01,303,1331
379,0.01,303,1316
380,0.01,304,1280
380,0.01,304,1301
380,0.01,304,1307
380,0.01,304,1286
380,0.01,304,1325
381,0.01,304,1322
381,0.01,304,1304
381,0.01,304,1292
381,0.01,304,1349
381,0.01,304,1328
382,0.01,305,1319
382,0.01,305,1373
382,0.01,305,1313
382,0.01,305,1358
382,0.01,305,1340
383,0.01,306,1352
383,0.01,306,1319
383,0.01,306,1313
383,0.01,306,1334
383,0.01,306,1322
384,0.01,307,1331
384,0.01,307,1355
384,0.01,307,1346
384,0.01,307,1346
384,0.01,307,1361
385,0.01,308,1292
385,0.01,308,1370
385,0.01,308,1421
385,0.01,308,1352
385,0.01,308,1328
386,0.01,308,1301
386,0.01,308,1364
386,0.01,308,1355
386,0.01,308,1322
386,0.01,308,1385
387,0.01,309,1403
387,0.01,309,1337
387,0.01,309,1391
387,0.01,309,1343
387,0.01,309,1331
388,0.01,310,1370
388,0.01,310,1397
388,0.01,310,1355
388,0.01,310,1379
388,0.01,310,1334
389,0.01,311,1373
389,0.01,311,1334
389,0.01,311,1376
389,0.01,311,1316
389,0.01,311,1349
390,0.01,312,1343
390,0.01,312,1316
390,0.01,312,1331
390,0.01,312,1322
390,0.01,312,1352
391,0.01,312,1355
391,0.01,312,1403
391,0.01,312,1352
391,0.01,312,1349
391,0.01,312,1355
392,0.01,313,1310
392,0.01,313,1415
392,0.01,313,1352
392,0.01,313,1385
392,0.01,313,1382
393,0.01,314,1391
393,0.01,314,1370
393,0.01,314,1355
393,0.01,314,1331
393,0.01,314,1319
394,0.01,315,1355
394,0.01,315,1358
394,0.01,315,1367
394,0.01,315,1394
394,0.01,315,1367
395,0.01,316,1391
395,0.01,316,5
395,0.01,316,1445
395,0.01,316,1418
395,0.01,316,1394
396,0.01,316,1373
396,0.01,316,1358
396,0.01,316,1421
396,0.01,316,1385
396,0.01,316,1424
397,0.01,317,1415
397,0.01,317,1382
397,0.01,317,1394
397,0.01,317,1367
397,0.01,317,1418
398,0.01,318,1373
398,0.01,318,1409
398,0.01,318,1370
398,0.01,318,1403
398,0.01,318,1442
399,0.01,319,1388
399,0.01,319,1382
399,0.01,319,1340
399,0.01,319,1406
399,0.01,319,1382
400,0.01,320,1433
400,0.01,320,1418
400,0.01,320,1427
400,0.01,320,1439
400,0.01,320,1364
401,0.01,320,1412
401,0.01,320,1403
401,0.01,320,1388
401,0.01,320,1406
401,0.01,320,1412
402,0.01,321,1451
402,0.01,321,1382
402,0.01,321,1421
402,0.01,321,1382
402,0.01,321,1391
403,0.01,322,1445
403,0.01,322,1439
403,0.01,322,1430
403,0.01,322,1409
403,0.01,322,1445
404,0.01,323,1457
404,0.01,323,1409
404,0.01,323,1370
404,0.01,323,1436
404,0.01,323,1391
405,0.01,324,1445
405,0.01,324,1427
405,0.01,324,1421
405,0.01,324,1472
405,0.01,324,1454
406,0.01,324,1433
406,0.01,324,1391
406,0.01,324,1439
406,0.01,324,1490
406,0.01,324,1439
407,0.01,325,1418
407,0.01,325,1475
407,0.01,325,1439
407,0.01,325,1397
407,0.01,325,1448
408,0.01,326,1439
408,0.01,326,1439
408,0.01,326,1409
408,0.01,326,1499
408,0.01,326,1433
409,0.01,327,1406
409,0.01,327,1415
409,0.01,327,1433
409,0.01,327,1433
409,0.01,327,1454
410,0.01,328,1454
410,0.01,328,1406
410,0.01,328,1451
410,0.01,328,5
410,0.01,328,1409
411,0.01,328,1487
411,0.01,328,1442
411,0.01,328,1436
411,0.01,328,1409
411,0.01,328,1439
412,0.01,329,1391
412,0.01,329,1454
412,0.01,329,1442
412,0.01,329,1481
412,0.01,329,1442
413,0.01,330,1439
413,0.01,330,1397
413,0.01,330,1475
413,0.01,330,1433
413,0.01,330,1427
414,0.01,331,1421
414,0.01,331,1487
414,0.01,331,1424
414,0.01,331,1484
414,0.01,331,1472
415,0.01,332,1439
415,0.01,332,1451
415,0.01,332,1526
415,0.01,332,1418
415,0.01,332,1451
416,0.01,332,1439
416,0.01,332,1433
416,0.01,332,1487
416,0.01,332,1460
416,0.01,332,1496
417,0.01,333,1481
417,0.01,333,1433
417,0.01,333,1490
417,0.01,333,1454
417,0.01,333,1424
418,0.01,334,1478
418,0.01,334,1448
418,0.01,334,1454
418,0.01,334,1505
418,0.01,334,1487
419,0.01,335,1487
419,0.01,335,1523
419,0.01,335,1463
419,0.01,335,1487
419,0.01,335,1520
420,0.01,336,1478
420,0.01,336,1511
420,0.01,336,1490
420,0.01,336,1508
420,0.01,336,1520
421,0.01,336,1517
421,0.01,336,1469
421,0.01,336,1481
421,0.01,336,1517
421,0.01,336,1412
422,0.01,337,1469
422,0.01,337,1562
422,0.01,337,1499
422,0.01,337,1469
422,0.01,337,1532
423,0.01,338,1478
423,0.01,338,1532
423,0.01,338,1472
423,0.01,338,1475
423,0.01,338,1496
424,0.01,339,1532
424,0.01,339,1520
424,0.01,339,1541
424,0.01,339,1478
424,0.01,339,1499
425,0.01,340,1541
425,0.01,340,1526
425,0.01,340,1475
425,0.01,340,1532
425,0.01,340,1451
426,0.01,340,1472
426,0.01,340,1517
426,0.01,340,1487
426,0.01,340,1505
426,0.01,340,1490
427,0.01,341,1502
427,0.01,341,1508
427,0.01,341,1523
427,0.01,341,1529
427,0.01,341,1514
428,0.01,342,1514
428,0.01,342,1526
428,0.01,342,1454
428,0.01,342,1502
428,0.01,342,1520
429,0.01,343,1517
429,0.01,343,1502
429,0.01,343,1532
429,0.01,343,1502
429,0.01,343,1529
430,0.01,344,1493
430,0.01,344,1496
430,0.01,344,1487
430,0.01,344,1559
430,0.01,344,1547
431,0.01,344,1478
431,0.01,344,1499
431,0.01,344,1514
431,0.01,344,1502
431,0.01,344,1523
432,0.01,345,1517
432,0.01,345,1565
432,0.01,345,1514
432,0.01,345,1523
432,0.01,345,1511
433,0.01,346,1541
433,0.01,346,1463
433,0.01,346,1508
433,0.01,346,1526
433,0.01,346,1529
434,0.01,347,1520
434,0.01,347,1508
434,0.01,347,1553
434,0.01,347,1508
434,0.01,347,1511
435,0.01,348,1523
435,0.01,348,1580
435,0.01,348,1538
435,0.01,348,1514
435,0.01,348,1520
436,0.01,348,1556
436,0.01,348,1532
436,0.01,348,1589
436,0.01,348,1529
436,0.01,348,1538
437,0.01,349,1517
437,0.01,349,1553
437,0.01,349,1568
437,0.01,349,1493
437,0.01,349,1532
438,0.01,350,1580
438,0.01,350,1553
438,0.01,350,1496
438,0.01,350,1511
438,0.01,350,1526
439,0.01,351,1568
439,0.01,351,1541
439,0.01,351,1589
439,0.01,351,1532
439,0.01,351,1472
440,0.01,352,1553
440,0.01,352,1592
440,0.01,352,1520
440,0.01,352,1550
440,0.01,352,1526
441,0.01,352,1541
441,0.01,352,1511
441,0.01,352,1559
441,0.01,352,1535
441,0.01,352,1517
442,0.01,353,1571
442,0.01,353,1589
442,0.01,353,1610
442,0.01,353,1535
442,0.01,353,1544
443,0.01,354,1544
443,0.01,354,1598
443,0.01,354,1622
443,0.01,354,1541
443,0.01,354,1568
444,0.01,355,1586
444,0.01,355,1565
444,0.01,355,1514
444,0.01,355,1574
444,0.01,355,1586
445,0.01,356,1568
445,0.01,356,1574
445,0.01,356,1580
445,0.01,356,1511
445,0.01,356,1496
446,0.01,356,1580
446,0.01,356,1601
446,0.01,356,1580
446,0.01,356,1505
446,0.01,356,5
447,0.01,357,1586
447,0.01,357,1598
447,0.01,357,1619
447,0.01,357,1628
447,0.01,357,1601
448,0.01,358,1586
448,0.01,358,1574
448,0.01,358,1538
448,0.01,358,1631
448,0.01,358,1616
449,0.01,359,1511
449,0.01,359,1532
449,0.01,359,1577
449,0.01,359,1583
449,0.01,359,1562
450,0.01,360,1553
450,0.01,360,1523
450,0.01,360,1580
450,0.01,360,1595
450,0.01,360,1619
451,0.01,360,1604
451,0.01,360,1544
451,0.01,360,1574
451,0.01,360,1577
451,0.01,360,1574
452,0.01,361,1574
452,0.01,361,1601
452,0.01,361,1604
452,0.01,361,1574
452,0.01,361,1628
453,0.01,362,1574
453,0.01,362,1598
453,0.01,362,1586
453,0.01,362,1586
453,0.01,362,1559
454,0.01,363,1556
454,0.01,363,1592
454,0.01,363,1592
454,0.01,363,1601
454,0.01,363,1652
455,0.01,364,1622
455,0.01,364,1616
455,0.01,364,1628
455,0.01,364,1601
455,0.01,364,1613
456,0.01,364,1616
456,0.01,364,1667
456,0.01,364,1616
456,0.01,364,1580
456,0.01,364,1592
457,0.01,365,1631
457,0.01,365,1649
457,0.01,365,1595
457,0.01,365,1646
457,0.01,365,1577
458,0.01,366,1583
458,0.01,366,1655
458,0.01,366,1649
458,0.01,366,1604
458,0.01,366,1601
459,0.01,367,1616
459,0.01,367,1622
459,0.01,367,1634
459,0.01,367,1649
459,0.01,367,1646
460,0.01,368,1652
460,0.01,368,1676
460,0.01,368,1661
460,0.01,368,1622
460,0.01,368,1646
461,0.01,368,1673
461,0.01,368,1619
461,0.01,368,1649
461,0.01,368,1637
461,0.01,368,1625
462,0.01,369,1619
462,0.01,369,1673
462,0.01,369,1625
462,0.01,369,1634
462,0.01,369,1604
463,0.01,370,1643
463,0.01,370,1595
463,0.01,370,1676
463,0.01,370,1643
463,0.01,370,1631
464,0.01,371,1691
464,0.01,371,1619
464,0.01,371,1646
464,0.01,371,1673
464,0.01,371,1676
465,0.01,372,1631
465,0.01,372,1658
465,0.01,372,1670
465,0.01,372,1622
465,0.01,372,1643
466,0.01,372,1643
466,0.01,372,1679
466,0.01,372,1658
466,0.01,372,1670
466,0.01,372,1637
467,0.01,373,1661
467,0.01,373,1625
467,0.01,373,1685
467,0.01,373,1646
467,0.01,373,1652
468,0.01,374,1658
468,0.01,374,1622
468,0.01,374,1646
468,0.01,374,1688
468,0.01,374,1712
469,0.01,375,1682
469,0.01,375,1682
469,0.01,375,1661
469,0.01,375,1673
469,0.01,375,1610
470,0.01,376,1661
470,0.01,376,1658
470,0.01,376,1679
470,0.01,376,1655
470,0.01,376,1676
471,0.01,376,1661
471,0.01,376,1661
471,0.01,376,1727
471,0.01,376,1673
471,0.01,376,1619
472,0.01,377,1631
472,0.01,377,1655
472,0.01,377,1673
472,0.01,377,1709
472,0.01,377,1670
473,0.01,378,1685
473,0.01,378,1652
473,0.01,378,1727
473,0.01,378,1670
473,0.01,378,1649
474,0.01,379,1670
474,0.01,379,1703
474,0.01,379,1667
474,0.01,379,1715
474,0.01,379,1703
475,0.01,380,1652
475,0.01,380,1667
475,0.01,380,1706
475,0.01,380,1694
475,0.01,380,1637
476,0.01,380,1694
476,0.01,380,1658
476,0.01,380,1676
476,0.01,380,1700
476,0.01,380,1703
477,0.01,381,1646
477,0.01,381,1664
477,0.01,381,1703
477,0.01,381,1709
477,0.01,381,1688
478,0.01,382,1745
478,0.01,382,1673
478,0.01,382,1694
478,0.01,382,1739
478,0.01,382,1715
479,0.01,383,1742
479,0.01,383,1691
479,0.01,383,1733
479,0.01,383,1739
479,0.01,383,1739
480,0.01,384,1685
480,0.01,384,1715
480,0.01,384,1718
480,0.01,384,1706
480,0.01,384,1697
481,0.01,384,1712
481,0.01,384,1661
481,0.01,384,1724
481,0.01,384,1664
481,0.01,384,1727
482,0.01,385,1697
482,0.01,385,1661
482,0.01,385,1694
482,0.01,385,1691
482,0.01,385,1694
483,0.01,386,1694
483,0.01,386,1718
483,0.01,386,1751
483,0.01,386,1727
483,0.01,386,1709
484,0.01,387,1697
484,0.01,387,1775
484,0.01,387,1766
484,0.01,387,1760
484,0.01,387,1724
485,0.01,388,1748
485,0.01,388,1727
485,0.01,388,1721
485,0.01,388,1751
485,0.01,388,1745
486,0.01,388,1742
486,0.01,388,1694
486,0.01,388,1700
486,0.01,388,1736
486,0.01,388,1697
487,0.01,389,1742
487,0.01,389,1718
487,0.01,389,1718
487,0.01,389,1676
487,0.01,389,1736
488,0.01,390,1712
488,0.01,390,1763
488,0.01,390,1748
488,0.01,390,1751
488,0.01,390,1730
489,0.01,391,1748
489,0.01,391,1760
489,0.01,391,1766
489,0.01,391,1778
489,0.01,391,1763
490,0.01,392,1730
490,0.01,392,1769
490,0.01,392,1760
490,0.01,392,1775
490,0.01,392,1742
491,0.01,392,1739
491,0.01,392,1739
491,0.01,392,1742
491,0.01,392,1697
491,0.01,392,1691
492,0.01,393,1754
492,0.01,393,1742
492,0.01,393,1790
492,0.01,393,1784
492,0.01,393,1733
493,0.01,394,1757
493,0.01,394,1796
493,0.01,394,1763
493,0.01,394,1766
493,0.01,394,1790
494,0.01,395,1751
494,0.01,395,1754
494,0.01,395,1781
494,0.01,395,1811
494,0.01,395,1739
495,0.01,396,1742
495,0.01,396,1784
495,0.01,396,1739
495,0.01,396,1733
495,0.01,396,1739
496,0.01,396,1811
496,0.01,396,1793
496,0.01,396,1772
496,0.01,396,1706
496,0.01,396,1739
497,0.01,397,1727
497,0.01,397,1769
497,0.01,397,1781
497,0.01,397,1826
497,0.01,397,1805
498,0.01,398,1793
498,0.01,398,1748
498,0.01,398,1793
498,0.01,398,1766
498,0.01,398,1823
499,0.01,399,1787
499,0.01,399,1778
499,0.01,399,1745
499,0.01,399,1754
499,0.01,399,1763
